Workbook
Name Import1_FuelChain_COL: #REF!
Name Import1_Impact_COL: #REF!
Name Import1_Region_COL: #REF!
Name Import1_Scenario_COL: #REF!
Name Import1_Sensitivity_COL: #REF!
Name Import1_Substage_COL: #REF!
Name l_ElecFuelChain: #REF!
Name n_SelectedImpact_Elec: 'Mix électriques'!$C$13
Name n_SelectedRegion_Elec: 'Mix électriques'!$C$17
Name n_SelectedScenario_Elec: 'Mix électriques'!$C$14
Name n_SelectedSensitivity_Elec: 'Mix électriques'!$C$15

Sheet Information
B2: Feuille | C2: Contenu
B3: Inventaire | C3: Contient les données d'ACV pour mener le calcul d'évaluation d'impact
B4: Analyse d'impacts | C4: Comparaison de l'impact des deux véhicules
B5: Composition voiture | C5: Information sur la composition d'un véhicule
B6: Production batterie | C6: Information sur la production et la fin de vie d'une batterie de véhicule électrique
B7: Mix électriques | C7: Composition des mix électriques
B8: Carburant | C8: Demande en énergie et émissions due à la production du carburant

Sheet Inventaire
B2: PARAMÈTRES
D3: nom | E3: unité | F3: quantité | I3: Étapes
B4: Paramètres véhicules | D4: Durée de vie | E4: km | F4: 250000 | I4: 1 | J4: Durée de vie de la voiture
D5: Kilométrage annuel | E5: km/an | F5: 15000 | I5: 2 | J5: Émissions de CO2 du diesel
D6: Durée de vie | E6: ans | G6: 1 | I6: 3 | J6: Composition d'une voiture
D7: Consommation diesel | E7: l/100 km | F7: 6 | I7: 4 | J7: Composition du mix
D8: Consommation électrique | E8: kWh/100 km | F8: 18 | I8: 5 | J8: Calcul des impacts caractérisés
D9: Pertes de distribution et de chargement (électricité) | E9: % | F9: 0.1
D10: Masse d'une voiture thermique | E10: kg | F10: 1700
D11: Masse d'une voiture électrique (hors batterie) | E11: kg | F11: 1600
D12: Capacité de la batterie | E12: kWh | F12: 60
D13: Maintenance annuelle | E13: h | F13: 100
B15: Paramètres combustion | D15: Formule moyenne du gazole routier | F15: C12H24
D16: Masse molaire du carbone | E16: g/mol | F16: 12
D17: Masse molaire de l'hydrogène | E17: g/mol | F17: 1
D18: Masse molaire de l'oxygène | E18: g/mol | F18: 16
D19: Réaction de combustion complète (à équilibrer !) | F19: C12H24 + O2 = CO2 + H2O
D20: Densité massique du gazole | E20: kg/l | F20: 0.85
D21: Densité énergétique du gazole | E21: MJ/l | F21: 42
D22: Émissions dues à la combustion d'un litre de gazole | E22: kg CO2 | G22: 2
B27: MATRICES ACV (DONNÉES D'ENTRÉE)
F29: transport, voiture diesel | G29: transport, voiture électrique | H29: voiture diesel | I29: voiture électrique | J29: batterie lithium-ion, production | K29: batterie lithium-ion, recyclage | L29: gazole | M29: maintenance | N29: acier | O29: fonte | P29: aluminium | Q29: verre | R29: peinture | S29: plastiques | T29: gomme | U29: lubrifiant | V29: cuivre | W29: métaux non ferreux | X29: électronique | Y29: textiles | Z29: fibre de carbone | AA29: électricité du réseau, Allemagne | AB29: électricité du réseau, France | AC29: électricité nucléaire | AD29: électricité éolienne | AE29: électricité photovoltaïque | AF29: électricité hydroélectrique | AG29: électricité au charbon | AH29: électricité au gaz | AI29: électricité, autre | AJ29: gaz naturel | AK29: chaleur
B30: A (activités) | D30: activité | E30: unité | F30: km | G30: km | H30: u | I30: u | J30: kWh | K30: kWh | L30: l | M30: h | N30: kg | O30: kg | P30: kg | Q30: kg | R30: kg | S30: kg | T30: kg | U30: kg | V30: kg | W30: kg | X30: kg | Y30: kg | Z30: kg | AA30: kWh | AB30: kWh | AC30: kWh | AD30: kWh | AE30: kWh | AF30: kWh | AG30: kWh | AH30: kWh | AI30: kWh | AJ30: MJ | AK30: MJ
D31: transport, voiture diesel | E31: km | F31: 0 | G31: 0 | H31: 0 | I31: 0 | J31: 0 | K31: 0 | L31: 0 | M31: 0 | N31: 0 | O31: 0 | P31: 0 | Q31: 0 | R31: 0 | S31: 0 | T31: 0 | U31: 0 | V31: 0 | W31: 0 | X31: 0 | Y31: 0 | Z31: 0 | AA31: 0 | AB31: 0 | AC31: 0 | AD31: 0 | AE31: 0 | AF31: 0 | AG31: 0 | AH31: 0 | AI31: 0 | AJ31: 0 | AK31: 0
D32: transport, voiture électrique | E32: km | F32: 0 | G32: 0 | H32: 0 | I32: 0 | J32: 0 | K32: 0 | L32: 0 | M32: 0 | N32: 0 | O32: 0 | P32: 0 | Q32: 0 | R32: 0 | S32: 0 | T32: 0 | U32: 0 | V32: 0 | W32: 0 | X32: 0 | Y32: 0 | Z32: 0 | AA32: 0 | AB32: 0 | AC32: 0 | AD32: 0 | AE32: 0 | AF32: 0 | AG32: 0 | AH32: 0 | AI32: 0 | AJ32: 0 | AK32: 0
D33: voiture diesel | E33: u | F33: =1/$F$4 -> 4e-06 | G33: 0 | H33: 0 | I33: 0 | J33: 0 | K33: 0 | L33: 0 | M33: 0 | N33: 0 | O33: 0 | P33: 0 | Q33: 0 | R33: 0 | S33: 0 | T33: 0 | U33: 0 | V33: 0 | W33: 0 | X33: 0 | Y33: 0 | Z33: 0 | AA33: 0 | AB33: 0 | AC33: 0 | AD33: 0 | AE33: 0 | AF33: 0 | AG33: 0 | AH33: 0 | AI33: 0 | AJ33: 0 | AK33: 0
D34: voiture électrique | E34: u | F34: 0 | G34: =1/$F$4 -> 4e-06 | H34: 0 | I34: 0 | J34: 0 | K34: 0 | L34: 0 | M34: 0 | N34: 0 | O34: 0 | P34: 0 | Q34: 0 | R34: 0 | S34: 0 | T34: 0 | U34: 0 | V34: 0 | W34: 0 | X34: 0 | Y34: 0 | Z34: 0 | AA34: 0 | AB34: 0 | AC34: 0 | AD34: 0 | AE34: 0 | AF34: 0 | AG34: 0 | AH34: 0 | AI34: 0 | AJ34: 0 | AK34: 0
D35: batterie lithium-ion, production | E35: kWh | F35: 0 | G35: {=F12/F4} -> 0.00024 | H35: 0 | I35: 0 | J35: 0 | K35: 0 | L35: 0 | M35: 0 | N35: 0 | O35: 0 | P35: 0 | Q35: 0 | R35: 0 | S35: 0 | T35: 0 | U35: 0 | V35: 0 | W35: 0 | X35: 0 | Y35: 0 | Z35: 0 | AA35: 0 | AB35: 0 | AC35: 0 | AD35: 0 | AE35: 0 | AF35: 0 | AG35: 0 | AH35: 0 | AI35: 0 | AJ35: 0 | AK35: 0
D36: batterie lithium-ion, recyclage | E36: kWh | F36: 0 | G36: =F12/F4 -> 0.00024 | H36: 0 | I36: 0 | J36: 0 | K36: 0 | L36: 0 | M36: 0 | N36: 0 | O36: 0 | P36: 0 | Q36: 0 | R36: 0 | S36: 0 | T36: 0 | U36: 0 | V36: 0 | W36: 0 | X36: 0 | Y36: 0 | Z36: 0 | AA36: 0 | AB36: 0 | AC36: 0 | AD36: 0 | AE36: 0 | AF36: 0 | AG36: 0 | AH36: 0 | AI36: 0 | AJ36: 0 | AK36: 0
D37: gazole | E37: l | F37: =F7/100 -> 0.06 | G37: 0 | H37: 0 | I37: 0 | J37: 0 | K37: 0 | L37: 0 | M37: 0 | N37: 0 | O37: 0 | P37: 0 | Q37: 0 | R37: 0 | S37: 0 | T37: 0 | U37: 0 | V37: 0 | W37: 0 | X37: 0 | Y37: 0 | Z37: 0 | AA37: 0 | AB37: 0 | AC37: 0 | AD37: 0 | AE37: 0 | AF37: 0 | AG37: 0 | AH37: 0 | AI37: 0 | AJ37: 0 | AK37: 0
D38: maintenance | E38: h | F38: =1/(F6*F13) -> #DIV/0! | G38: 0 | H38: 0 | I38: 0 | J38: 0 | K38: 0 | L38: 0 | M38: 0 | N38: 0 | O38: 0 | P38: 0 | Q38: 0 | R38: 0 | S38: 0 | T38: 0 | U38: 0 | V38: 0 | W38: 0 | X38: 0 | Y38: 0 | Z38: 0 | AA38: 0 | AB38: 0 | AC38: 0 | AD38: 0 | AE38: 0 | AF38: 0 | AG38: 0 | AH38: 0 | AI38: 0 | AJ38: 0 | AK38: 0
D39: acier | E39: kg | F39: 0 | G39: 0 | J39: 0.1 | K39: 0 | L39: 0 | M39: 0 | N39: 0 | O39: 0 | P39: 0 | Q39: 0 | R39: 0 | S39: 0 | T39: 0 | U39: 0 | V39: 0 | W39: 0 | X39: 0 | Y39: 0 | Z39: 0 | AA39: 0 | AB39: 0 | AC39: 0 | AD39: 0 | AE39: 0 | AF39: 0 | AG39: 0 | AH39: 0 | AI39: 0 | AJ39: 0 | AK39: 0
D40: fonte | E40: kg | F40: 0 | G40: 0 | J40: 0 | K40: 0 | L40: 0 | M40: 0 | N40: 0 | O40: 0 | P40: 0 | Q40: 0 | R40: 0 | S40: 0 | T40: 0 | U40: 0 | V40: 0 | W40: 0 | X40: 0 | Y40: 0 | Z40: 0 | AA40: 0 | AB40: 0 | AC40: 0 | AD40: 0 | AE40: 0 | AF40: 0 | AG40: 0 | AH40: 0 | AI40: 0 | AJ40: 0 | AK40: 0
D41: aluminium | E41: kg | F41: 0 | G41: 0 | J41: 0.1 | K41: 0 | L41: 0 | M41: 0 | N41: 0 | O41: 0 | P41: 0 | Q41: 0 | R41: 0 | S41: 0 | T41: 0 | U41: 0 | V41: 0 | W41: 0 | X41: 0 | Y41: 0 | Z41: 0 | AA41: 0 | AB41: 0 | AC41: 0 | AD41: 0 | AE41: 0 | AF41: 0 | AG41: 0 | AH41: 0 | AI41: 0 | AJ41: 0 | AK41: 0
D42: verre | E42: kg | F42: 0 | G42: 0 | J42: 0 | K42: 0 | L42: 0 | M42: 0 | N42: 0 | O42: 0 | P42: 0 | Q42: 0 | R42: 0 | S42: 0 | T42: 0 | U42: 0 | V42: 0 | W42: 0 | X42: 0 | Y42: 0 | Z42: 0 | AA42: 0 | AB42: 0 | AC42: 0 | AD42: 0 | AE42: 0 | AF42: 0 | AG42: 0 | AH42: 0 | AI42: 0 | AJ42: 0 | AK42: 0
D43: peinture | E43: kg | F43: 0 | G43: 0 | J43: 0 | K43: 0 | L43: 0 | M43: 0 | N43: 0 | O43: 0 | P43: 0 | Q43: 0 | R43: 0 | S43: 0 | T43: 0 | U43: 0 | V43: 0 | W43: 0 | X43: 0 | Y43: 0 | Z43: 0 | AA43: 0 | AB43: 0 | AC43: 0 | AD43: 0 | AE43: 0 | AF43: 0 | AG43: 0 | AH43: 0 | AI43: 0 | AJ43: 0 | AK43: 0
D44: plastiques | E44: kg | F44: 0 | G44: 0 | J44: 0.1 | K44: 0 | L44: 0 | M44: 0 | N44: 0 | O44: 0 | P44: 0 | Q44: 0 | R44: 0 | S44: 0 | T44: 0 | U44: 0 | V44: 0 | W44: 0 | X44: 0 | Y44: 0 | Z44: 0 | AA44: 0 | AB44: 0 | AC44: 0 | AD44: 0 | AE44: 0 | AF44: 0 | AG44: 0 | AH44: 0 | AI44: 0 | AJ44: 0 | AK44: 0
D45: gomme | E45: kg | F45: 0 | G45: 0 | J45: 0 | K45: 0 | L45: 0 | M45: 0 | N45: 0 | O45: 0 | P45: 0 | Q45: 0 | R45: 0 | S45: 0 | T45: 0 | U45: 0 | V45: 0 | W45: 0 | X45: 0 | Y45: 0 | Z45: 0 | AA45: 0 | AB45: 0 | AC45: 0 | AD45: 0 | AE45: 0 | AF45: 0 | AG45: 0 | AH45: 0 | AI45: 0 | AJ45: 0 | AK45: 0
D46: lubrifiant | E46: kg | F46: 0 | G46: 0 | J46: 0 | K46: 0 | L46: 0 | M46: 0 | N46: 0 | O46: 0 | P46: 0 | Q46: 0 | R46: 0 | S46: 0 | T46: 0 | U46: 0 | V46: 0 | W46: 0 | X46: 0 | Y46: 0 | Z46: 0 | AA46: 0 | AB46: 0 | AC46: 0 | AD46: 0 | AE46: 0 | AF46: 0 | AG46: 0 | AH46: 0 | AI46: 0 | AJ46: 0 | AK46: 0
D47: cuivre | E47: kg | F47: 0 | G47: 0 | J47: 0.5 | K47: 0 | L47: 0 | M47: 0 | N47: 0 | O47: 0 | P47: 0 | Q47: 0 | R47: 0 | S47: 0 | T47: 0 | U47: 0 | V47: 0 | W47: 0 | X47: 0 | Y47: 0 | Z47: 0 | AA47: 0 | AB47: 0 | AC47: 0 | AD47: 0 | AE47: 0 | AF47: 0 | AG47: 0 | AH47: 0 | AI47: 0 | AJ47: 0 | AK47: 0
D48: métaux non ferreux | E48: kg | F48: 0 | G48: 0 | J48: 0 | K48: 0 | L48: 0 | M48: 0 | N48: 0 | O48: 0 | P48: 0 | Q48: 0 | R48: 0 | S48: 0 | T48: 0 | U48: 0 | V48: 0 | W48: 0 | X48: 0 | Y48: 0 | Z48: 0 | AA48: 0 | AB48: 0 | AC48: 0 | AD48: 0 | AE48: 0 | AF48: 0 | AG48: 0 | AH48: 0 | AI48: 0 | AJ48: 0 | AK48: 0
D49: électronique | E49: kg | F49: 0 | G49: 0 | J49: 0 | K49: 0 | L49: 0 | M49: 0 | N49: 0 | O49: 0 | P49: 0 | Q49: 0 | R49: 0 | S49: 0 | T49: 0 | U49: 0 | V49: 0 | W49: 0 | X49: 0 | Y49: 0 | Z49: 0 | AA49: 0 | AB49: 0 | AC49: 0 | AD49: 0 | AE49: 0 | AF49: 0 | AG49: 0 | AH49: 0 | AI49: 0 | AJ49: 0 | AK49: 0
D50: textiles | E50: kg | F50: 0 | G50: 0 | J50: 0 | K50: 0 | L50: 0 | M50: 0 | N50: 0 | O50: 0 | P50: 0 | Q50: 0 | R50: 0 | S50: 0 | T50: 0 | U50: 0 | V50: 0 | W50: 0 | X50: 0 | Y50: 0 | Z50: 0 | AA50: 0 | AB50: 0 | AC50: 0 | AD50: 0 | AE50: 0 | AF50: 0 | AG50: 0 | AH50: 0 | AI50: 0 | AJ50: 0 | AK50: 0
D51: fibre de carbone | E51: kg | F51: 0 | G51: 0 | J51: 0 | K51: 0 | L51: 0 | M51: 0 | N51: 0 | O51: 0 | P51: 0 | Q51: 0 | R51: 0 | S51: 0 | T51: 0 | U51: 0 | V51: 0 | W51: 0 | X51: 0 | Y51: 0 | Z51: 0 | AA51: 0 | AB51: 0 | AC51: 0 | AD51: 0 | AE51: 0 | AF51: 0 | AG51: 0 | AH51: 0 | AI51: 0 | AJ51: 0 | AK51: 0
D52: électricité du réseau, Allemagne | E52: kWh | F52: 0 | G52: =$F$8/100/(1-$F$9) -> 0.2 | H52: 1060 | I52: 1060 | J52: 0 | K52: 0 | L52: 0 | M52: 0 | N52: 0 | O52: 0 | P52: 0 | Q52: 0 | R52: 0 | S52: 0 | T52: 0 | U52: 0 | V52: 0 | W52: 0 | X52: 0 | Y52: 0 | Z52: 0 | AA52: 0 | AB52: 0 | AC52: 0 | AD52: 0 | AE52: 0 | AF52: 0 | AG52: 0 | AH52: 0 | AI52: 0 | AJ52: 0 | AK52: 0
D53: électricité du réseau, France | E53: kWh | F53: 0 | G53: 0 | H53: 0 | I53: 0 | J53: 0 | K53: 0 | L53: 0 | M53: 0 | N53: 0 | O53: 0 | P53: 0 | Q53: 0 | R53: 0 | S53: 0 | T53: 0 | U53: 0 | V53: 0 | W53: 0 | X53: 0 | Y53: 0 | Z53: 0 | AA53: 0 | AB53: 0 | AC53: 0 | AD53: 0 | AE53: 0 | AF53: 0 | AG53: 0 | AH53: 0 | AI53: 0 | AJ53: 0 | AK53: 0
D54: électricité nucléaire | E54: kWh | F54: 0 | G54: 0 | H54: 0 | I54: 0 | J54: 0 | K54: 0 | L54: 0 | M54: 0 | N54: 0 | O54: 0 | P54: 0 | Q54: 0 | R54: 0 | S54: 0 | T54: 0 | U54: 0 | V54: 0 | W54: 0 | X54: 0 | Y54: 0 | Z54: 0 | AC54: 0 | AD54: 0 | AE54: 0 | AF54: 0 | AG54: 0 | AH54: 0 | AI54: 0 | AJ54: 0 | AK54: 0
D55: électricité éolienne | E55: kWh | F55: 0 | G55: 0 | H55: 0 | I55: 0 | J55: 0 | K55: 0 | L55: 0 | M55: 0 | N55: 0 | O55: 0 | P55: 0 | Q55: 0 | R55: 0 | S55: 0 | T55: 0 | U55: 0 | V55: 0 | W55: 0 | X55: 0 | Y55: 0 | Z55: 0 | AC55: 0 | AD55: 0 | AE55: 0 | AF55: 0 | AG55: 0 | AH55: 0 | AI55: 0 | AJ55: 0 | AK55: 0
D56: électricité photovoltaïque | E56: kWh | F56: 0 | G56: 0 | H56: 0 | I56: 0 | J56: 0 | K56: 0 | L56: 0 | M56: 0 | N56: 0 | O56: 0 | P56: 0 | Q56: 0 | R56: 0 | S56: 0 | T56: 0 | U56: 0 | V56: 0 | W56: 0 | X56: 0 | Y56: 0 | Z56: 0 | AC56: 0 | AD56: 0 | AE56: 0 | AF56: 0 | AG56: 0 | AH56: 0 | AI56: 0 | AJ56: 0 | AK56: 0
D57: électricité hydroélectrique | E57: kWh | F57: 0 | G57: 0 | H57: 0 | I57: 0 | J57: 0 | K57: 0 | L57: 0 | M57: 0 | N57: 0 | O57: 0 | P57: 0 | Q57: 0 | R57: 0 | S57: 0 | T57: 0 | U57: 0 | V57: 0 | W57: 0 | X57: 0 | Y57: 0 | Z57: 0 | AC57: 0 | AD57: 0 | AE57: 0 | AF57: 0 | AG57: 0 | AH57: 0 | AI57: 0 | AJ57: 0 | AK57: 0
D58: électricité au charbon | E58: kWh | F58: 0 | G58: 0 | H58: 0 | I58: 0 | J58: 0 | K58: 0 | L58: 0 | M58: 0 | N58: 0 | O58: 0 | P58: 0 | Q58: 0 | R58: 0 | S58: 0 | T58: 0 | U58: 0 | V58: 0 | W58: 0 | X58: 0 | Y58: 0 | Z58: 0 | AC58: 0 | AD58: 0 | AE58: 0 | AF58: 0 | AG58: 0 | AH58: 0 | AI58: 0 | AJ58: 0 | AK58: 0
D59: électricité au gaz | E59: kWh | F59: 0 | G59: 0 | H59: 0 | I59: 0 | J59: 0 | K59: 0 | L59: 0 | M59: 0 | N59: 0 | O59: 0 | P59: 0 | Q59: 0 | R59: 0 | S59: 0 | T59: 0 | U59: 0 | V59: 0 | W59: 0 | X59: 0 | Y59: 0 | Z59: 0 | AC59: 0 | AD59: 0 | AE59: 0 | AF59: 0 | AG59: 0 | AH59: 0 | AI59: 0 | AJ59: 0 | AK59: 0
D60: électricité, autre | E60: kWh | F60: 0 | G60: 0 | H60: 0 | I60: 0 | J60: 0 | K60: 0 | L60: 0 | M60: 0 | N60: 0 | O60: 0 | P60: 0 | Q60: 0 | R60: 0 | S60: 0 | T60: 0 | U60: 0 | V60: 0 | W60: 0 | X60: 0 | Y60: 0 | Z60: 0 | AC60: 0 | AD60: 0 | AE60: 0 | AF60: 0 | AG60: 0 | AH60: 0 | AI60: 0 | AJ60: 0 | AK60: 0
D61: gaz naturel | E61: MJ | F61: 0 | G61: 0 | H61: =420*3.6 -> 1512 | I61: =420*3.6 -> 1512 | J61: 0 | K61: 0 | L61: 0 | M61: 0 | N61: 0 | O61: 0 | P61: 0 | Q61: 0 | R61: 0 | S61: 0 | T61: 0 | U61: 0 | V61: 0 | W61: 0 | X61: 0 | Y61: 0 | Z61: 0 | AA61: 0 | AB61: 0 | AC61: 0 | AD61: 0 | AE61: 0 | AF61: 0 | AG61: 0 | AH61: 0 | AI61: 0 | AJ61: 0 | AK61: 0
D62: chaleur | E62: MJ | F62: 0 | G62: 0 | H62: =590*3.6 -> 2124 | I62: =590*3.6 -> 2124 | J62: 0 | K62: 0 | L62: 0 | M62: 0 | N62: 0 | O62: 0 | P62: 0 | Q62: 0 | R62: 0 | S62: 0 | T62: 0 | U62: 0 | V62: 0 | W62: 0 | X62: 0 | Y62: 0 | Z62: 0 | AA62: 0 | AB62: 0 | AC62: 0 | AD62: 0 | AE62: 0 | AF62: 0 | AG62: 0 | AH62: 0 | AI62: 0 | AJ62: 0 | AK62: 0
B65: B (biosphère) | D65: substance | E65: unité
D66: CO2 | E66: kg | F66: =F22*F7/100 -> 0 | G66: 0 | H66: 0 | I66: 0 | J66: {=TRANSPOSE('Production batterie'!B4:D4)*AM66:AM68} -> 67 | K66: {=TRANSPOSE('Production batterie'!B8:D8)*AM66:AM68} -> -7 | L66: 0.59 | M66: 1 | N66: {=TRANSPOSE('Composition voiture'!D3:D15)/1000} -> 2.47 | O66: 0.9 | P66: 12.05 | Q66: 1.13 | R66: 5.68 | S66: 3.61 | T66: 3.3 | U66: 4.2 | V66: 3.61 | W66: 7.67 | X66: 36.63 | Y66: 24.25 | Z66: 18.94 | AA66: 0 | AB66: 0 | AC66: 0.006 | AD66: 0.012 | AE66: 0.035 | AF66: 0.008 | AG66: 1.05 | AH66: 1.15 | AI66: 0.37 | AJ66: 0 | AK66: 0 | AM66: 1
D67: CH4 | E67: kg | F67: 0 | G67: 0 | H67: 0 | I67: 0 | J67: 0.18 | K67: -0.01 | L67: 0 | M67: 0 | N67: 0 | O67: 0 | P67: 0 | Q67: 0 | R67: 0 | S67: 0 | T67: 0 | U67: 0 | V67: 0 | W67: 0 | X67: 0 | Y67: 0 | Z67: 0 | AA67: 0 | AB67: 0 | AC67: 0 | AD67: 0 | AE67: 0 | AF67: 0 | AG67: 0 | AH67: 0 | AI67: 0.04 | AJ67: 0 | AK67: 0 | AM67: 1
D68: Énergie primaire | E68: MJ | F68: 0 | G68: 0 | H68: 0 | I68: 0 | J68: 1393.2 | K68: -223.2 | L68: =F21*1.18 -> 49.56 | M68: 0 | N68: {=TRANSPOSE('Composition voiture'!E3:E15)*3.6} -> 32.04 | O68: 12.6 | P68: 191.52 | Q68: 11.88 | R68: 100.8 | S68: 30.96 | T68: 35.64 | U68: 47.88 | V68: 42.84 | W68: 109.08 | X68: 480.24 | Y68: 270.72 | Z68: 324.72 | AA68: 0 | AB68: 0 | AC68: 0.08 | AD68: 0.16 | AE68: 0.54 | AF68: 0.3 | AG68: 11 | AH68: 13 | AI68: 9 | AJ68: 0 | AK68: 0 | AM68: 3.6
D69: Lithium | E69: kg | F69: 0 | G69: 0 | H69: 0 | I69: 0 | J69: 8 | K69: 0 | L69: 0 | M69: 0 | N69: 0 | O69: 0 | P69: 0 | Q69: 0 | R69: 0 | S69: 0 | T69: 0 | U69: 0 | V69: 0 | W69: 0 | X69: 0 | Y69: 0 | Z69: 0 | AA69: 0 | AB69: 0 | AC69: 0 | AD69: 0 | AE69: 0 | AF69: 0 | AG69: 0 | AH69: 0 | AI69: 0 | AJ69: 0 | AK69: 0
D70: Cuivre | E70: kg | F70: 0 | G70: 0 | H70: 0 | I70: 0 | J70: 0 | K70: 0 | L70: 0 | M70: 0 | N70: 0 | O70: 0 | P70: 0 | Q70: 0 | R70: 0 | S70: 0 | T70: 0 | U70: 0 | V70: 1 | W70: 0 | X70: 0 | Y70: 0 | Z70: 0 | AA70: 0 | AB70: 0 | AC70: 0 | AD70: 0 | AE70: 0 | AF70: 0 | AG70: 0 | AH70: 0 | AI70: 0 | AJ70: 0 | AK70: 0
D71: Acier | E71: kg | F71: 0 | G71: 0 | H71: 0 | I71: 0 | J71: 0 | K71: 0 | L71: 0 | M71: 0 | N71: 1 | O71: 0 | P71: 0 | Q71: 0 | R71: 0 | S71: 0 | T71: 0 | U71: 0 | V71: 0 | W71: 0 | X71: 0 | Y71: 0 | Z71: 0 | AA71: 0 | AB71: 0 | AC71: 0 | AD71: 0 | AE71: 0 | AF71: 0 | AG71: 0 | AH71: 0 | AI71: 0 | AJ71: 0 | AK71: 0
D72: Aluminium | E72: kg | F72: 0 | G72: 0 | H72: 0 | I72: 0 | J72: 0 | K72: 0 | L72: 0 | M72: 0 | N72: 0 | O72: 1 | P72: 0 | Q72: 0 | R72: 0 | S72: 0 | T72: 0 | U72: 0 | V72: 0 | W72: 0 | X72: 0 | Y72: 0 | Z72: 0 | AA72: 0 | AB72: 0 | AC72: 0 | AD72: 0 | AE72: 0 | AF72: 0 | AG72: 0 | AH72: 0 | AI72: 0 | AJ72: 0 | AK72: 0
B74: C (caractérisation) | D74: indicateur | F74: CO2 | G74: CH4 | H74: Énergie primaire | I74: Lithium | J74: Cuivre | K74: Acier | L74: Aluminium
D75: GES | E75: kg CO2 eq. | F75: 1 | G75: 28 | H75: 0 | I75: 0 | J75: 0 | K75: 0 | L75: 0
D76: Énergie primaire | E76: MJ | F76: 0 | G76: 0 | H76: 1 | I76: 0 | J76: 0 | K76: 0 | L76: 0
D77: Matériaux | E77: kg Sb eq. | F77: 0 | G77: 0 | H77: 0 | I77: 1.15e-05 | J77: 0.00137 | K77: 5.24e-08 | L77: 1.09e-09
B80: MATRICES ACV (CALCULS INTERMÉDIAIRES)
D83: indicateur
B84: C*B (facteurs, caractérisés) | D84: GES | E84: kg CO2 eq. | F84: {=MMULT($F$75:$L$77,$F$66:$AK$72)} -> 0 | G84: 0 | H84: 0 | I84: 0 | J84: 72.04 | K84: -7.28 | L84: 0.59 | M84: 1 | N84: 2.47 | O84: 0.9 | P84: 12.05 | Q84: 1.13 | R84: 5.68 | S84: 3.61 | T84: 3.3 | U84: 4.2 | V84: 3.61 | W84: 7.67 | X84: 36.63 | Y84: 24.25 | Z84: 18.94 | AA84: 0 | AB84: 0 | AC84: 0.006 | AD84: 0.012 | AE84: 0.035 | AF84: 0.008 | AG84: 1.05 | AH84: 1.15 | AI84: 1.49 | AJ84: 0 | AK84: 0
D85: Énergie primaire | E85: MJ | F85: 0 | G85: 0 | H85: 0 | I85: 0 | J85: 1393.2 | K85: -223.2 | L85: 49.56 | M85: 0 | N85: 32.04 | O85: 12.6 | P85: 191.52 | Q85: 11.88 | R85: 100.8 | S85: 30.96 | T85: 35.64 | U85: 47.88 | V85: 42.84 | W85: 109.08 | X85: 480.24 | Y85: 270.72 | Z85: 324.72 | AA85: 0 | AB85: 0 | AC85: 0.08 | AD85: 0.16 | AE85: 0.54 | AF85: 0.3 | AG85: 11 | AH85: 13 | AI85: 9 | AJ85: 0 | AK85: 0
D86: Matériaux | E86: kg Sb eq. | F86: 0 | G86: 0 | H86: 0 | I86: 0 | J86: 9.2e-05 | K86: 0 | L86: 0 | M86: 0 | N86: 5.24e-08 | O86: 1.09e-09 | P86: 0 | Q86: 0 | R86: 0 | S86: 0 | T86: 0 | U86: 0 | V86: 0.00137 | W86: 0 | X86: 0 | Y86: 0 | Z86: 0 | AA86: 0 | AB86: 0 | AC86: 0 | AD86: 0 | AE86: 0 | AF86: 0 | AG86: 0 | AH86: 0 | AI86: 0 | AJ86: 0 | AK86: 0
B92: I | F92: {=_xlfn.MUNIT(32)} -> 1 | G92: 0 | H92: 0 | I92: 0 | J92: 0 | K92: 0 | L92: 0 | M92: 0 | N92: 0 | O92: 0 | P92: 0 | Q92: 0 | R92: 0 | S92: 0 | T92: 0 | U92: 0 | V92: 0 | W92: 0 | X92: 0 | Y92: 0 | Z92: 0 | AA92: 0 | AB92: 0 | AC92: 0 | AD92: 0 | AE92: 0 | AF92: 0 | AG92: 0 | AH92: 0 | AI92: 0 | AJ92: 0 | AK92: 0
F93: 0 | G93: 1 | H93: 0 | I93: 0 | J93: 0 | K93: 0 | L93: 0 | M93: 0 | N93: 0 | O93: 0 | P93: 0 | Q93: 0 | R93: 0 | S93: 0 | T93: 0 | U93: 0 | V93: 0 | W93: 0 | X93: 0 | Y93: 0 | Z93: 0 | AA93: 0 | AB93: 0 | AC93: 0 | AD93: 0 | AE93: 0 | AF93: 0 | AG93: 0 | AH93: 0 | AI93: 0 | AJ93: 0 | AK93: 0
F94: 0 | G94: 0 | H94: 1 | I94: 0 | J94: 0 | K94: 0 | L94: 0 | M94: 0 | N94: 0 | O94: 0 | P94: 0 | Q94: 0 | R94: 0 | S94: 0 | T94: 0 | U94: 0 | V94: 0 | W94: 0 | X94: 0 | Y94: 0 | Z94: 0 | AA94: 0 | AB94: 0 | AC94: 0 | AD94: 0 | AE94: 0 | AF94: 0 | AG94: 0 | AH94: 0 | AI94: 0 | AJ94: 0 | AK94: 0
F95: 0 | G95: 0 | H95: 0 | I95: 1 | J95: 0 | K95: 0 | L95: 0 | M95: 0 | N95: 0 | O95: 0 | P95: 0 | Q95: 0 | R95: 0 | S95: 0 | T95: 0 | U95: 0 | V95: 0 | W95: 0 | X95: 0 | Y95: 0 | Z95: 0 | AA95: 0 | AB95: 0 | AC95: 0 | AD95: 0 | AE95: 0 | AF95: 0 | AG95: 0 | AH95: 0 | AI95: 0 | AJ95: 0 | AK95: 0
F96: 0 | G96: 0 | H96: 0 | I96: 0 | J96: 1 | K96: 0 | L96: 0 | M96: 0 | N96: 0 | O96: 0 | P96: 0 | Q96: 0 | R96: 0 | S96: 0 | T96: 0 | U96: 0 | V96: 0 | W96: 0 | X96: 0 | Y96: 0 | Z96: 0 | AA96: 0 | AB96: 0 | AC96: 0 | AD96: 0 | AE96: 0 | AF96: 0 | AG96: 0 | AH96: 0 | AI96: 0 | AJ96: 0 | AK96: 0
F97: 0 | G97: 0 | H97: 0 | I97: 0 | J97: 0 | K97: 1 | L97: 0 | M97: 0 | N97: 0 | O97: 0 | P97: 0 | Q97: 0 | R97: 0 | S97: 0 | T97: 0 | U97: 0 | V97: 0 | W97: 0 | X97: 0 | Y97: 0 | Z97: 0 | AA97: 0 | AB97: 0 | AC97: 0 | AD97: 0 | AE97: 0 | AF97: 0 | AG97: 0 | AH97: 0 | AI97: 0 | AJ97: 0 | AK97: 0
F98: 0 | G98: 0 | H98: 0 | I98: 0 | J98: 0 | K98: 0 | L98: 1 | M98: 0 | N98: 0 | O98: 0 | P98: 0 | Q98: 0 | R98: 0 | S98: 0 | T98: 0 | U98: 0 | V98: 0 | W98: 0 | X98: 0 | Y98: 0 | Z98: 0 | AA98: 0 | AB98: 0 | AC98: 0 | AD98: 0 | AE98: 0 | AF98: 0 | AG98: 0 | AH98: 0 | AI98: 0 | AJ98: 0 | AK98: 0
F99: 0 | G99: 0 | H99: 0 | I99: 0 | J99: 0 | K99: 0 | L99: 0 | M99: 1 | N99: 0 | O99: 0 | P99: 0 | Q99: 0 | R99: 0 | S99: 0 | T99: 0 | U99: 0 | V99: 0 | W99: 0 | X99: 0 | Y99: 0 | Z99: 0 | AA99: 0 | AB99: 0 | AC99: 0 | AD99: 0 | AE99: 0 | AF99: 0 | AG99: 0 | AH99: 0 | AI99: 0 | AJ99: 0 | AK99: 0
F100: 0 | G100: 0 | H100: 0 | I100: 0 | J100: 0 | K100: 0 | L100: 0 | M100: 0 | N100: 1 | O100: 0 | P100: 0 | Q100: 0 | R100: 0 | S100: 0 | T100: 0 | U100: 0 | V100: 0 | W100: 0 | X100: 0 | Y100: 0 | Z100: 0 | AA100: 0 | AB100: 0 | AC100: 0 | AD100: 0 | AE100: 0 | AF100: 0 | AG100: 0 | AH100: 0 | AI100: 0 | AJ100: 0 | AK100: 0
F101: 0 | G101: 0 | H101: 0 | I101: 0 | J101: 0 | K101: 0 | L101: 0 | M101: 0 | N101: 0 | O101: 1 | P101: 0 | Q101: 0 | R101: 0 | S101: 0 | T101: 0 | U101: 0 | V101: 0 | W101: 0 | X101: 0 | Y101: 0 | Z101: 0 | AA101: 0 | AB101: 0 | AC101: 0 | AD101: 0 | AE101: 0 | AF101: 0 | AG101: 0 | AH101: 0 | AI101: 0 | AJ101: 0 | AK101: 0
F102: 0 | G102: 0 | H102: 0 | I102: 0 | J102: 0 | K102: 0 | L102: 0 | M102: 0 | N102: 0 | O102: 0 | P102: 1 | Q102: 0 | R102: 0 | S102: 0 | T102: 0 | U102: 0 | V102: 0 | W102: 0 | X102: 0 | Y102: 0 | Z102: 0 | AA102: 0 | AB102: 0 | AC102: 0 | AD102: 0 | AE102: 0 | AF102: 0 | AG102: 0 | AH102: 0 | AI102: 0 | AJ102: 0 | AK102: 0
F103: 0 | G103: 0 | H103: 0 | I103: 0 | J103: 0 | K103: 0 | L103: 0 | M103: 0 | N103: 0 | O103: 0 | P103: 0 | Q103: 1 | R103: 0 | S103: 0 | T103: 0 | U103: 0 | V103: 0 | W103: 0 | X103: 0 | Y103: 0 | Z103: 0 | AA103: 0 | AB103: 0 | AC103: 0 | AD103: 0 | AE103: 0 | AF103: 0 | AG103: 0 | AH103: 0 | AI103: 0 | AJ103: 0 | AK103: 0
F104: 0 | G104: 0 | H104: 0 | I104: 0 | J104: 0 | K104: 0 | L104: 0 | M104: 0 | N104: 0 | O104: 0 | P104: 0 | Q104: 0 | R104: 1 | S104: 0 | T104: 0 | U104: 0 | V104: 0 | W104: 0 | X104: 0 | Y104: 0 | Z104: 0 | AA104: 0 | AB104: 0 | AC104: 0 | AD104: 0 | AE104: 0 | AF104: 0 | AG104: 0 | AH104: 0 | AI104: 0 | AJ104: 0 | AK104: 0
... F123: 0 | G123: 0 | H123: 0 | I123: 0 | J123: 0 | K123: 0 | L123: 0 | M123: 0 | N123: 0 | O123: 0 | P123: 0 | Q123: 0 | R123: 0 | S123: 0 | T123: 0 | U123: 0 | V123: 0 | W123: 0 | X123: 0 | Y123: 0 | Z123: 0 | AA123: 0 | AB123: 0 | AC123: 0 | AD123: 0 | AE123: 0 | AF123: 0 | AG123: 0 | AH123: 0 | AI123: 0 | AJ123: 0 | AK123: 1
B125: L (inverse de Leontief) | D125: activité | E125: unité
D126: transport, voiture diesel | E126: km | F126: {=MINVERSE(F92:AK123-F31:AK62)} -> #DIV/0! | G126: #DIV/0! | H126: #DIV/0! | I126: #DIV/0! | J126: #DIV/0! | K126: #DIV/0! | L126: #DIV/0! | M126: #DIV/0! | N126: #DIV/0! | O126: #DIV/0! | P126: #DIV/0! | Q126: #DIV/0! | R126: #DIV/0! | S126: #DIV/0! | T126: #DIV/0! | U126: #DIV/0! | V126: #DIV/0! | W126: #DIV/0! | X126: #DIV/0! | Y126: #DIV/0! | Z126: #DIV/0! | AA126: #DIV/0! | AB126: #DIV/0! | AC126: #DIV/0! | AD126: #DIV/0! | AE126: #DIV/0! | AF126: #DIV/0! | AG126: #DIV/0! | AH126: #DIV/0! | AI126: #DIV/0! | AJ126: #DIV/0! | AK126: #DIV/0!
D127: transport, voiture électrique | E127: km | F127: #DIV/0! | G127: #DIV/0! | H127: #DIV/0! | I127: #DIV/0! | J127: #DIV/0! | K127: #DIV/0! | L127: #DIV/0! | M127: #DIV/0! | N127: #DIV/0! | O127: #DIV/0! | P127: #DIV/0! | Q127: #DIV/0! | R127: #DIV/0! | S127: #DIV/0! | T127: #DIV/0! | U127: #DIV/0! | V127: #DIV/0! | W127: #DIV/0! | X127: #DIV/0! | Y127: #DIV/0! | Z127: #DIV/0! | AA127: #DIV/0! | AB127: #DIV/0! | AC127: #DIV/0! | AD127: #DIV/0! | AE127: #DIV/0! | AF127: #DIV/0! | AG127: #DIV/0! | AH127: #DIV/0! | AI127: #DIV/0! | AJ127: #DIV/0! | AK127: #DIV/0!
D128: voiture diesel | E128: u | F128: #DIV/0! | G128: #DIV/0! | H128: #DIV/0! | I128: #DIV/0! | J128: #DIV/0! | K128: #DIV/0! | L128: #DIV/0! | M128: #DIV/0! | N128: #DIV/0! | O128: #DIV/0! | P128: #DIV/0! | Q128: #DIV/0! | R128: #DIV/0! | S128: #DIV/0! | T128: #DIV/0! | U128: #DIV/0! | V128: #DIV/0! | W128: #DIV/0! | X128: #DIV/0! | Y128: #DIV/0! | Z128: #DIV/0! | AA128: #DIV/0! | AB128: #DIV/0! | AC128: #DIV/0! | AD128: #DIV/0! | AE128: #DIV/0! | AF128: #DIV/0! | AG128: #DIV/0! | AH128: #DIV/0! | AI128: #DIV/0! | AJ128: #DIV/0! | AK128: #DIV/0!
D129: voiture électrique | E129: u | F129: #DIV/0! | G129: #DIV/0! | H129: #DIV/0! | I129: #DIV/0! | J129: #DIV/0! | K129: #DIV/0! | L129: #DIV/0! | M129: #DIV/0! | N129: #DIV/0! | O129: #DIV/0! | P129: #DIV/0! | Q129: #DIV/0! | R129: #DIV/0! | S129: #DIV/0! | T129: #DIV/0! | U129: #DIV/0! | V129: #DIV/0! | W129: #DIV/0! | X129: #DIV/0! | Y129: #DIV/0! | Z129: #DIV/0! | AA129: #DIV/0! | AB129: #DIV/0! | AC129: #DIV/0! | AD129: #DIV/0! | AE129: #DIV/0! | AF129: #DIV/0! | AG129: #DIV/0! | AH129: #DIV/0! | AI129: #DIV/0! | AJ129: #DIV/0! | AK129: #DIV/0!
D130: batterie lithium-ion, production | E130: kWh | F130: #DIV/0! | G130: #DIV/0! | H130: #DIV/0! | I130: #DIV/0! | J130: #DIV/0! | K130: #DIV/0! | L130: #DIV/0! | M130: #DIV/0! | N130: #DIV/0! | O130: #DIV/0! | P130: #DIV/0! | Q130: #DIV/0! | R130: #DIV/0! | S130: #DIV/0! | T130: #DIV/0! | U130: #DIV/0! | V130: #DIV/0! | W130: #DIV/0! | X130: #DIV/0! | Y130: #DIV/0! | Z130: #DIV/0! | AA130: #DIV/0! | AB130: #DIV/0! | AC130: #DIV/0! | AD130: #DIV/0! | AE130: #DIV/0! | AF130: #DIV/0! | AG130: #DIV/0! | AH130: #DIV/0! | AI130: #DIV/0! | AJ130: #DIV/0! | AK130: #DIV/0!
D131: batterie lithium-ion, recyclage | E131: kWh | F131: #DIV/0! | G131: #DIV/0! | H131: #DIV/0! | I131: #DIV/0! | J131: #DIV/0! | K131: #DIV/0! | L131: #DIV/0! | M131: #DIV/0! | N131: #DIV/0! | O131: #DIV/0! | P131: #DIV/0! | Q131: #DIV/0! | R131: #DIV/0! | S131: #DIV/0! | T131: #DIV/0! | U131: #DIV/0! | V131: #DIV/0! | W131: #DIV/0! | X131: #DIV/0! | Y131: #DIV/0! | Z131: #DIV/0! | AA131: #DIV/0! | AB131: #DIV/0! | AC131: #DIV/0! | AD131: #DIV/0! | AE131: #DIV/0! | AF131: #DIV/0! | AG131: #DIV/0! | AH131: #DIV/0! | AI131: #DIV/0! | AJ131: #DIV/0! | AK131: #DIV/0!
D132: gazole | E132: l | F132: #DIV/0! | G132: #DIV/0! | H132: #DIV/0! | I132: #DIV/0! | J132: #DIV/0! | K132: #DIV/0! | L132: #DIV/0! | M132: #DIV/0! | N132: #DIV/0! | O132: #DIV/0! | P132: #DIV/0! | Q132: #DIV/0! | R132: #DIV/0! | S132: #DIV/0! | T132: #DIV/0! | U132: #DIV/0! | V132: #DIV/0! | W132: #DIV/0! | X132: #DIV/0! | Y132: #DIV/0! | Z132: #DIV/0! | AA132: #DIV/0! | AB132: #DIV/0! | AC132: #DIV/0! | AD132: #DIV/0! | AE132: #DIV/0! | AF132: #DIV/0! | AG132: #DIV/0! | AH132: #DIV/0! | AI132: #DIV/0! | AJ132: #DIV/0! | AK132: #DIV/0!
D133: maintenance | E133: h | F133: #DIV/0! | G133: #DIV/0! | H133: #DIV/0! | I133: #DIV/0! | J133: #DIV/0! | K133: #DIV/0! | L133: #DIV/0! | M133: #DIV/0! | N133: #DIV/0! | O133: #DIV/0! | P133: #DIV/0! | Q133: #DIV/0! | R133: #DIV/0! | S133: #DIV/0! | T133: #DIV/0! | U133: #DIV/0! | V133: #DIV/0! | W133: #DIV/0! | X133: #DIV/0! | Y133: #DIV/0! | Z133: #DIV/0! | AA133: #DIV/0! | AB133: #DIV/0! | AC133: #DIV/0! | AD133: #DIV/0! | AE133: #DIV/0! | AF133: #DIV/0! | AG133: #DIV/0! | AH133: #DIV/0! | AI133: #DIV/0! | AJ133: #DIV/0! | AK133: #DIV/0!
D134: acier | E134: kg | F134: #DIV/0! | G134: #DIV/0! | H134: #DIV/0! | I134: #DIV/0! | J134: #DIV/0! | K134: #DIV/0! | L134: #DIV/0! | M134: #DIV/0! | N134: #DIV/0! | O134: #DIV/0! | P134: #DIV/0! | Q134: #DIV/0! | R134: #DIV/0! | S134: #DIV/0! | T134: #DIV/0! | U134: #DIV/0! | V134: #DIV/0! | W134: #DIV/0! | X134: #DIV/0! | Y134: #DIV/0! | Z134: #DIV/0! | AA134: #DIV/0! | AB134: #DIV/0! | AC134: #DIV/0! | AD134: #DIV/0! | AE134: #DIV/0! | AF134: #DIV/0! | AG134: #DIV/0! | AH134: #DIV/0! | AI134: #DIV/0! | AJ134: #DIV/0! | AK134: #DIV/0!
D135: fonte | E135: kg | F135: #DIV/0! | G135: #DIV/0! | H135: #DIV/0! | I135: #DIV/0! | J135: #DIV/0! | K135: #DIV/0! | L135: #DIV/0! | M135: #DIV/0! | N135: #DIV/0! | O135: #DIV/0! | P135: #DIV/0! | Q135: #DIV/0! | R135: #DIV/0! | S135: #DIV/0! | T135: #DIV/0! | U135: #DIV/0! | V135: #DIV/0! | W135: #DIV/0! | X135: #DIV/0! | Y135: #DIV/0! | Z135: #DIV/0! | AA135: #DIV/0! | AB135: #DIV/0! | AC135: #DIV/0! | AD135: #DIV/0! | AE135: #DIV/0! | AF135: #DIV/0! | AG135: #DIV/0! | AH135: #DIV/0! | AI135: #DIV/0! | AJ135: #DIV/0! | AK135: #DIV/0!
D136: aluminium | E136: kg | F136: #DIV/0! | G136: #DIV/0! | H136: #DIV/0! | I136: #DIV/0! | J136: #DIV/0! | K136: #DIV/0! | L136: #DIV/0! | M136: #DIV/0! | N136: #DIV/0! | O136: #DIV/0! | P136: #DIV/0! | Q136: #DIV/0! | R136: #DIV/0! | S136: #DIV/0! | T136: #DIV/0! | U136: #DIV/0! | V136: #DIV/0! | W136: #DIV/0! | X136: #DIV/0! | Y136: #DIV/0! | Z136: #DIV/0! | AA136: #DIV/0! | AB136: #DIV/0! | AC136: #DIV/0! | AD136: #DIV/0! | AE136: #DIV/0! | AF136: #DIV/0! | AG136: #DIV/0! | AH136: #DIV/0! | AI136: #DIV/0! | AJ136: #DIV/0! | AK136: #DIV/0!
D137: verre | E137: kg | F137: #DIV/0! | G137: #DIV/0! | H137: #DIV/0! | I137: #DIV/0! | J137: #DIV/0! | K137: #DIV/0! | L137: #DIV/0! | M137: #DIV/0! | N137: #DIV/0! | O137: #DIV/0! | P137: #DIV/0! | Q137: #DIV/0! | R137: #DIV/0! | S137: #DIV/0! | T137: #DIV/0! | U137: #DIV/0! | V137: #DIV/0! | W137: #DIV/0! | X137: #DIV/0! | Y137: #DIV/0! | Z137: #DIV/0! | AA137: #DIV/0! | AB137: #DIV/0! | AC137: #DIV/0! | AD137: #DIV/0! | AE137: #DIV/0! | AF137: #DIV/0! | AG137: #DIV/0! | AH137: #DIV/0! | AI137: #DIV/0! | AJ137: #DIV/0! | AK137: #DIV/0!
D138: peinture | E138: kg | F138: #DIV/0! | G138: #DIV/0! | H138: #DIV/0! | I138: #DIV/0! | J138: #DIV/0! | K138: #DIV/0! | L138: #DIV/0! | M138: #DIV/0! | N138: #DIV/0! | O138: #DIV/0! | P138: #DIV/0! | Q138: #DIV/0! | R138: #DIV/0! | S138: #DIV/0! | T138: #DIV/0! | U138: #DIV/0! | V138: #DIV/0! | W138: #DIV/0! | X138: #DIV/0! | Y138: #DIV/0! | Z138: #DIV/0! | AA138: #DIV/0! | AB138: #DIV/0! | AC138: #DIV/0! | AD138: #DIV/0! | AE138: #DIV/0! | AF138: #DIV/0! | AG138: #DIV/0! | AH138: #DIV/0! | AI138: #DIV/0! | AJ138: #DIV/0! | AK138: #DIV/0!
...

Sheet Analyse d'impacts
C1: Résultats absolus | I1: Résultats relatifs | R1: Changement climatique (g CO2 eq.) | Y1: Énergie primaire (100 J) | AE1: Matériaux (μg Sb eq.)
C2: Changement climatique (g CO2 eq.) | E2: Énergie primaire (100 J) | G2: Matériaux (μg Sb eq.) | I2: Changement climatique | K2: Énergie primaire | M2: Matériaux
C3: transport, voiture diesel | D3: transport, voiture électrique | E3: transport, voiture diesel | F3: transport, voiture électrique | G3: transport, voiture diesel | H3: transport, voiture électrique | I3: transport, voiture diesel | J3: transport, voiture électrique | K3: transport, voiture diesel | L3: transport, voiture électrique | M3: transport, voiture diesel | N3: transport, voiture électrique | R3: transport, voiture diesel | S3: Allemagne 2020 | T3: France 2020 | U3: Allemagne 2040, tendanciel | V3: France 2040, tendanciel | W3: Allemagne 2040, optimiste | X3: France 2040, optimiste
C4: km | D4: km | E4: km | F4: km | G4: km | H4: km | I4: km | J4: km | K4: km | L4: km | M4: km | N4: km | R4: km | S4: km | T4: km | U4: km | V4: km | W4: km | X4: km
A5: activité | B5: unité
A6: transport, voiture diesel | B6: km | C6: {=Inventaire!$F$126:$G$157*TRANSPOSE(Inventaire!$F84:$AK84)*1000} -> #DIV/0! | D6: #DIV/0! | E6: {=Inventaire!$F$126:$G$157*TRANSPOSE(Inventaire!$F85:$AK85)*100} -> #DIV/0! | F6: #DIV/0! | G6: {=Inventaire!$F$126:$G$157*TRANSPOSE(Inventaire!$F86:$AK86)*1000000000} -> #DIV/0! | H6: #DIV/0! | I6: {=C6:D38/MAX(C38:D38)} -> #DIV/0! | J6: #DIV/0! | K6: {=E6:F38/MAX(E38:F38)} -> #DIV/0! | L6: #DIV/0! | M6: {=G6:H38/MAX(G38:H38)} -> #DIV/0! | N6: #DIV/0! | R6: 187 | S6: 0 | T6: 0 | U6: 0 | V6: 0 | W6: 0 | X6: 0
A7: transport, voiture électrique | B7: km | C7: #DIV/0! | D7: #DIV/0! | E7: #DIV/0! | F7: #DIV/0! | G7: #DIV/0! | H7: #DIV/0! | I7: #DIV/0! | J7: #DIV/0! | K7: #DIV/0! | L7: #DIV/0! | M7: #DIV/0! | N7: #DIV/0! | R7: 0 | S7: 0 | T7: 0 | U7: 0 | V7: 0 | W7: 0 | X7: 0
A8: voiture diesel | B8: u | C8: #DIV/0! | D8: #DIV/0! | E8: #DIV/0! | F8: #DIV/0! | G8: #DIV/0! | H8: #DIV/0! | I8: #DIV/0! | J8: #DIV/0! | K8: #DIV/0! | L8: #DIV/0! | M8: #DIV/0! | N8: #DIV/0! | R8: 0 | S8: 0 | T8: 0 | U8: 0 | V8: 0 | W8: 0 | X8: 0
A9: voiture électrique | B9: u | C9: #DIV/0! | D9: #DIV/0! | E9: #DIV/0! | F9: #DIV/0! | G9: #DIV/0! | H9: #DIV/0! | I9: #DIV/0! | J9: #DIV/0! | K9: #DIV/0! | L9: #DIV/0! | M9: #DIV/0! | N9: #DIV/0! | R9: 0 | S9: 0 | T9: 0 | U9: 0 | V9: 0 | W9: 0 | X9: 0
A10: batterie lithium-ion, production | B10: kWh | C10: #DIV/0! | D10: #DIV/0! | E10: #DIV/0! | F10: #DIV/0! | G10: #DIV/0! | H10: #DIV/0! | I10: #DIV/0! | J10: #DIV/0! | K10: #DIV/0! | L10: #DIV/0! | M10: #DIV/0! | N10: #DIV/0! | R10: 0 | S10: 17.2896 | T10: 17.2896 | U10: 17.2896 | V10: 17.2896 | W10: 17.2896 | X10: 17.2896
A11: batterie lithium-ion, recyclage | B11: kWh | C11: #DIV/0! | D11: #DIV/0! | E11: #DIV/0! | F11: #DIV/0! | G11: #DIV/0! | H11: #DIV/0! | I11: #DIV/0! | J11: #DIV/0! | K11: #DIV/0! | L11: #DIV/0! | M11: #DIV/0! | N11: #DIV/0! | R11: 0 | S11: -1.7472 | T11: -1.7472 | U11: -1.7472 | V11: -1.7472 | W11: -1.7472 | X11: -1.7472
A12: gazole | B12: l | C12: #DIV/0! | D12: #DIV/0! | E12: #DIV/0! | F12: #DIV/0! | G12: #DIV/0! | H12: #DIV/0! | I12: #DIV/0! | J12: #DIV/0! | K12: #DIV/0! | L12: #DIV/0! | M12: #DIV/0! | N12: #DIV/0! | R12: 41.3 | S12: 0 | T12: 0 | U12: 0 | V12: 0 | W12: 0 | X12: 0
A13: maintenance | B13: h | C13: #DIV/0! | D13: #DIV/0! | E13: #DIV/0! | F13: #DIV/0! | G13: #DIV/0! | H13: #DIV/0! | I13: #DIV/0! | J13: #DIV/0! | K13: #DIV/0! | L13: #DIV/0! | M13: #DIV/0! | N13: #DIV/0! | R13: 0.6 | S13: 0 | T13: 0 | U13: 0 | V13: 0 | W13: 0 | X13: 0
A14: acier | B14: kg | C14: #DIV/0! | D14: #DIV/0! | E14: #DIV/0! | F14: #DIV/0! | G14: #DIV/0! | H14: #DIV/0! | I14: #DIV/0! | J14: #DIV/0! | K14: #DIV/0! | L14: #DIV/0! | M14: #DIV/0! | N14: #DIV/0! | R14: 8.297224 | S14: 7.109648 | T14: 7.109648 | U14: 7.109648 | V14: 7.109648 | W14: 7.109648 | X14: 7.109648
A15: fonte | B15: kg | C15: #DIV/0! | D15: #DIV/0! | E15: #DIV/0! | F15: #DIV/0! | G15: #DIV/0! | H15: #DIV/0! | I15: #DIV/0! | J15: #DIV/0! | K15: #DIV/0! | L15: #DIV/0! | M15: #DIV/0! | N15: #DIV/0! | R15: 0.57528 | S15: 0.31104 | T15: 0.31104 | U15: 0.31104 | V15: 0.31104 | W15: 0.31104 | X15: 0.31104
A16: aluminium | B16: kg | C16: #DIV/0! | D16: #DIV/0! | E16: #DIV/0! | F16: #DIV/0! | G16: #DIV/0! | H16: #DIV/0! | I16: #DIV/0! | J16: #DIV/0! | K16: #DIV/0! | L16: #DIV/0! | M16: #DIV/0! | N16: #DIV/0! | R16: 9.75086 | S16: 12.70552 | T16: 12.70552 | U16: 12.70552 | V16: 12.70552 | W16: 12.70552 | X16: 12.70552
A17: verre | B17: kg | C17: #DIV/0! | D17: #DIV/0! | E17: #DIV/0! | F17: #DIV/0! | G17: #DIV/0! | H17: #DIV/0! | I17: #DIV/0! | J17: #DIV/0! | K17: #DIV/0! | L17: #DIV/0! | M17: #DIV/0! | N17: #DIV/0! | R17: 0.169048 | S17: 0.173568 | T17: 0.173568 | U17: 0.173568 | V17: 0.173568 | W17: 0.173568 | X17: 0.173568
A18: peinture | B18: kg | C18: #DIV/0! | D18: #DIV/0! | E18: #DIV/0! | F18: #DIV/0! | G18: #DIV/0! | H18: #DIV/0! | I18: #DIV/0! | J18: #DIV/0! | K18: #DIV/0! | L18: #DIV/0! | M18: #DIV/0! | N18: #DIV/0! | R18: 0.154496 | S18: 0.145408 | T18: 0.145408 | U18: 0.145408 | V18: 0.145408 | W18: 0.145408 | X18: 0.145408
... A37: chaleur | B37: MJ | C37: #DIV/0! | D37: #DIV/0! | E37: #DIV/0! | F37: #DIV/0! | G37: #DIV/0! | H37: #DIV/0! | I37: #DIV/0! | J37: #DIV/0! | K37: #DIV/0! | L37: #DIV/0! | M37: #DIV/0! | N37: #DIV/0! | R37: 0 | S37: 0 | T37: 0 | U37: 0 | V37: 0 | W37: 0 | X37: 0
A38: total | C38: =SUM(C6:C37) -> #DIV/0! | D38: =SUM(D6:D37) -> #DIV/0! | E38: =SUM(E6:E37) -> #DIV/0! | F38: =SUM(F6:F37) -> #DIV/0! | G38: =SUM(G6:G37) -> #DIV/0! | H38: =SUM(H6:H37) -> #DIV/0! | I38: #DIV/0! | J38: #DIV/0! | K38: #DIV/0! | L38: #DIV/0! | M38: #DIV/0! | N38: #DIV/0! | R38: 273.20148 | S38: 205.31688 | T38: 87.086707 | U38: 158.48685 | V38: 77.556821 | W38: 99.710101 | X38: 79.168078

Sheet Composition voiture
B1: Composition | D1: Facteurs
A2: Élément | B2: Voiture thermique | C2: Voiture électrique (hors batterie) | D2: GES (g CO2 eq./kg) | E2: Énergie primaire (kWh/kg) | G2: https://www.greenncap.com/wp-content/uploads/Green-NCAP-Life-Cycle-Assessment-Methodology-and-Data.pdf
A3: Acier | B3: 0.494 | C3: 0.446 | D3: 2470 | E3: 8.9
A4: Fonte | B4: 0.094 | C4: 0.054 | D4: 900 | E4: 3.5
A5: Aluminium | B5: 0.119 | C5: 0.161 | D5: 12050 | E5: 53.2
A6: Verre | B6: 0.022 | C6: 0.024 | D6: 1130 | E6: 3.3
A7: Peinture | B7: 0.004 | C7: 0.004 | D7: 5680 | E7: 28
A8: Plastiques | B8: 0.11 | C8: 0.116 | D8: 3610 | E8: 8.6
A9: Gomme | B9: 0.037 | C9: 0.04 | D9: 3300 | E9: 9.9
A10: Lubrifiant | B10: 0.009 | C10: 0.004 | D10: 4200 | E10: 13.3
A11: Cuivre | B11: 0.023 | C11: 0.037 | D11: 3610 | E11: 11.9
A12: Métaux non ferreux | B12: 0.004 | C12: 0.016 | D12: 7670 | E12: 30.3
A13: Électronique | B13: 0.047 | C13: 0.057 | D13: 36630 | E13: 133.4
A14: Textiles | B14: 0.037 | C14: 0.041 | D14: 24250 | E14: 75.2
A15: Fibre de carbone | B15: 0 | C15: 0 | D15: 18940 | E15: 90.2

Sheet Production batterie
A1: Batterie lithium-ion | B1: CO2 | C1: CH4 | D1: Énergie primaire
A2: Production | K2: https://www.greenncap.com/wp-content/uploads/Green-NCAP-Life-Cycle-Assessment-Methodology-and-Data.pdf
A3: Chine | B3: 112 | C3: 0.23 | D3: 440
A4: EU | B4: 67 | C4: 0.18 | D4: 387
A5: US | B5: 81 | C5: 0.2 | D5: 426
A6: Recyclage
A7: Chine | B7: -22 | C7: -0.02 | D7: -86
A8: EU | B8: -7 | C8: -0.01 | D8: -62
A9: US | B9: -10 | C9: -0.01 | D9: -68

Sheet Mix électriques
B1: France, scénario tendanciel, 2020 | C1: France, scénario tendanciel, 2030 | D1: France, scénario tendanciel, 2040 | E1: France, scénario tendanciel, 2050 | F1: Allemagne, scénario tendanciel, 2020 | G1: Allemagne, scénario tendanciel, 2030 | H1: Allemagne, scénario tendanciel, 2040 | I1: Allemagne, scénario tendanciel, 2050 | J1: France, scénario optimiste, 2020 | K1: France, scénario optimiste, 2030 | L1: France, scénario optimiste, 2040 | M1: France, scénario optimiste, 2050 | N1: Allemagne, scénario optimiste, 2020 | O1: Allemagne, scénario optimiste, 2030 | P1: Allemagne, scénario optimiste, 2040 | Q1: Allemagne, scénario optimiste, 2050
A2: électricité nucléaire | B2: 0.65649653 | C2: 0.54302148 | D2: 0.37480404 | E2: 0.30955166 | F2: 0.058795405 | G2: 0 | H2: 0 | I2: 0 | J2: 0.65567467 | K2: 0.54382914 | L2: 0.35114706 | M2: 0.24625419 | N2: 0.05881405 | O2: 0 | P2: 0 | Q2: 0
A3: électricité éolienne | B3: 0.095258761 | C3: 0.18715832 | D3: 0.37401154 | E3: 0.41201528 | F3: 0.18816348 | G3: 0.34638042 | H3: 0.43123084 | I3: 0.50888587 | J3: 0.095140197 | K3: 0.18994189 | L3: 0.39954077 | M3: 0.45334735 | N3: 0.18823765 | O3: 0.34483683 | P3: 0.67249259 | Q3: 0.63654196
A4: électricité photovoltaïque | B4: 0.046130916 | C4: 0.1016366 | D4: 0.10835594 | E4: 0.14014257 | F4: 0.081287261 | G4: 0.1390007 | H4: 0.14508287 | I4: 0.18217663 | J4: 0.046073362 | K4: 0.10270248 | L4: 0.11405616 | M4: 0.15111115 | N4: 0.081314058 | O4: 0.13848321 | P4: 0.17379573 | Q4: 0.20232728
A5: électricité hydroélectrique | B5: 0.11623471 | C5: 0.10562885 | D5: 0.10112369 | E5: 0.092076369 | F5: 0.040684209 | G5: 0.039818609 | H5: 0.040588438 | I5: 0.039058781 | J5: 0.11608919 | K5: 0.10693857 | L5: 0.085191752 | M5: 0.063720604 | N5: 0.040496353 | O5: 0.040020303 | P5: 0.030612358 | Q5: 0.023958973
A6: électricité au charbon | B6: 0.014602928 | C6: 0 | D6: 0 | E6: 0 | F6: 0.44998135 | G6: 0.26747299 | H6: 0.1069755 | I6: 0.010621272 | J6: 0.014584647 | K6: 0 | L6: 0 | M6: 0 | N6: 0.4483675 | O6: 0.26878753 | P6: 0.0044776469 | Q6: 0
A7: électricité au gaz | B7: 0.04760145 | C7: 0.018049436 | D7: 0.0096778052 | E7: 0.0075678832 | F7: 0.12928178 | G7: 0.1207001 | H7: 0.17495794 | I7: 0.1569316 | J7: 0.048792905 | K7: 0.011975048 | L7: 0.0053683478 | M7: 0.006037668 | N7: 0.12719069 | O7: 0.11656797 | P7: 0.025852939 | Q7: 0.00057065687
A8: électricité, autre | B8: 0.023674704 | C8: 0.044505318 | D8: 0.032026984 | E8: 0.03864623 | F8: 0.051806518 | G8: 0.086627182 | H8: 0.10116441 | I8: 0.10232586 | J8: 0.023645022 | K8: 0.044612875 | L8: 0.044695908 | M8: 0.079529034 | N8: 0.055579707 | O8: 0.091304157 | P8: 0.092768738 | Q8: 0.13660113
A10: Source | B10: https://climate.ec.europa.eu/system/files/2020-09/2020_study_main_report_en.pdf

Sheet Carburant
